text,label
É possível alterar minha senha,pergunta
Como posso atualizar meu endereço,pergunta
Como cancelo minha assinatura,pergunta
Quantos itens estão no estoque,pergunta
Vocês têm suporte 24 horas,pergunta
Há garantia para este produto,pergunta
Posso compartilhar minha conta,pergunta
Posso ver detalhes de uma fatura,pergunta
Existe algum desconto disponível,pergunta
Há taxa adicional para entrega rápida,pergunta
O que eu preciso fazer para me registrar,pergunta
Como posso pausar minha conta,pergunta
Há taxa adicional para entrega rápida,pergunta
Posso usar cupons de desconto,pergunta
Quanto tempo leva para a entrega,pergunta
Existe algum desconto disponível,pergunta
Como posso trocar minha assinatura,pergunta
Posso ver detalhes de uma fatura,pergunta
Qual a política de devoluções,pergunta
Como cancelo minha assinatura,pergunta
Posso reservar este item,pergunta
É possível alterar minha senha,pergunta
Preciso fazer agendamento prévio,pergunta
Como configuro uma nova senha,pergunta
Vocês entregam em fins de semana,pergunta
Como posso pausar minha conta,pergunta
Qual é o status do pedido,pergunta
Quais documentos preciso para cadastro,pergunta
Como faço para sair da conta,pergunta
Como faço para receber notificações,pergunta
Como faço para confirmar meu email,pergunta
Qual o horário de atendimento,pergunta
Como faço para receber notificações,pergunta
Vocês têm suporte 24 horas,pergunta
Há garantia para este produto,pergunta
Quais documentos preciso para cadastro,pergunta
Qual é o status do pedido,pergunta
Como posso acessar meu perfil,pergunta
Vocês entregam em fins de semana,pergunta
Posso adicionar itens ao meu pedido,pergunta
Como faço para confirmar meu email,pergunta
Tenho direito a reembolso,pergunta
Como posso trocar minha assinatura,pergunta
Posso compartilhar minha conta,pergunta
Posso cancelar minha inscrição,pergunta
Preciso fazer agendamento prévio,pergunta
Como posso atualizar meu endereço,pergunta
Preciso fazer agendamento prévio,pergunta
Posso cancelar minha inscrição,pergunta
Quais documentos preciso para cadastro,pergunta
Como faço para confirmar meu email,pergunta
Há garantia para este produto,pergunta
Posso receber faturas digitais,pergunta
Como posso falar com o suporte,pergunta
Há garantia para este produto,pergunta
Onde vejo o histórico de compras,pergunta
Posso parcelar minha compra,pergunta
Posso cancelar minha inscrição,pergunta
Quais são as formas de pagamento,pergunta
Como faço para sair da conta,pergunta
Como faço para receber notificações,pergunta
Posso receber faturas digitais,pergunta
Onde encontro as configurações de privacidade,pergunta
Posso ver detalhes de uma fatura,pergunta
Posso adicionar itens ao meu pedido,pergunta
Vocês entregam em fins de semana,pergunta
Como posso atualizar meu cadastro,pergunta
Qual é o status do pedido,pergunta
É possível alterar minha senha,pergunta
Vocês entregam em fins de semana,pergunta
Tenho direito a reembolso,pergunta
Posso usar cupons de desconto,pergunta
O produto é original,pergunta
Como faço para alterar meu nome,pergunta
Posso reservar este item,pergunta
Como posso trocar minha assinatura,pergunta
Como posso falar com o suporte,pergunta
Qual o horário de atendimento,pergunta
Posso adicionar itens ao meu pedido,pergunta
Há taxa adicional para entrega rápida,pergunta
Como posso pausar minha conta,pergunta
Posso compartilhar minha conta,pergunta
O que eu preciso fazer para me registrar,pergunta
Posso reservar este item,pergunta
Posso parcelar minha compra,pergunta
Vocês enviam para outros países,pergunta
Há taxa adicional para entrega rápida,pergunta
Posso usar cupons de desconto,pergunta
Qual a política de devoluções,pergunta
Onde vejo o histórico de compras,pergunta
Posso adicionar itens ao meu pedido,pergunta
Posso usar cupons de desconto,pergunta
Vocês têm suporte 24 horas,pergunta
Quais documentos preciso para cadastro,pergunta
Qual o horário de atendimento,pergunta
Quantos itens estão no estoque,pergunta
Como posso atualizar meu endereço,pergunta
Como posso atualizar meu cadastro,pergunta
Onde encontro o número do meu pedido,pergunta
Como posso falar com o suporte,pergunta
Como faço para confirmar meu email,pergunta
Quais são as formas de pagamento,pergunta
Como faço para rastrear meu pedido,pergunta
Qual a validade do produto,pergunta
O que acontece se o pedido atrasar,pergunta
Como posso atualizar meu endereço,pergunta
Como posso acessar meu perfil,pergunta
Posso receber faturas digitais,pergunta
Posso adicionar itens ao meu pedido,pergunta
Vocês têm suporte 24 horas,pergunta
Posso reservar este item,pergunta
Como faço para rastrear meu pedido,pergunta
Tenho direito a reembolso,pergunta
É possível alterar minha senha,pergunta
Quanto tempo leva para a entrega,pergunta
Como posso atualizar meu cadastro,pergunta
Onde encontro as configurações de privacidade,pergunta
Qual a política de devoluções,pergunta
Tenho direito a reembolso,pergunta
Como faço para sair da conta,pergunta
O que eu preciso fazer para me registrar,pergunta
Como posso pausar minha conta,pergunta
Como posso pausar minha conta,pergunta
Qual a validade do produto,pergunta
Qual a política de devoluções,pergunta
Como faço para rastrear meu pedido,pergunta
Qual a validade do produto,pergunta
Como faço para confirmar meu email,pergunta
Como faço para alterar meu nome,pergunta
Como faço para alterar meu nome,pergunta
Vocês possuem loja física,pergunta
Como cancelo minha assinatura,pergunta
Posso compartilhar minha conta,pergunta
Posso usar cupons de desconto,pergunta
Posso receber faturas digitais,pergunta
Como configuro uma nova senha,pergunta
Preciso fazer agendamento prévio,pergunta
Como posso trocar minha assinatura,pergunta
O que acontece se o pedido atrasar,pergunta
O que eu preciso fazer para me registrar,pergunta
Posso receber faturas digitais,pergunta
Como faço para rastrear meu pedido,pergunta
Há garantia para este produto,pergunta
Como configuro uma nova senha,pergunta
Qual o horário de atendimento,pergunta
Onde encontro as configurações de privacidade,pergunta
Quando o evento começa,pergunta
Posso adicionar itens ao meu pedido,pergunta
Posso receber faturas digitais,pergunta
Como cancelo minha assinatura,pergunta
Vocês têm suporte 24 horas,pergunta
Posso pagar com cartão,pergunta
Preciso fazer agendamento prévio,pergunta
Como faço para alterar meu nome,pergunta
Vocês aceitam pagamentos via PIX,pergunta
Posso receber faturas digitais,pergunta
Tenho direito a reembolso,pergunta
Como posso atualizar meu cadastro,pergunta
Posso adicionar itens ao meu pedido,pergunta
Posso parcelar minha compra,pergunta
Quais documentos preciso para cadastro,pergunta
Como faço para alterar meu nome,pergunta
Posso cancelar minha inscrição,pergunta
Como faço para alterar meu nome,pergunta
Posso receber faturas digitais,pergunta
Vocês têm suporte 24 horas,pergunta
Por que o sistema está lento,pergunta
Como faço para confirmar meu email,pergunta
O que eu preciso fazer para me registrar,pergunta
Tenho direito a reembolso,pergunta
Como faço para rastrear meu pedido,pergunta
Posso parcelar minha compra,pergunta
Vocês têm suporte 24 horas,pergunta
O que devo fazer se houver um erro,pergunta
Como faço para rastrear meu pedido,pergunta
Como faço para receber notificações,pergunta
Como faço para rastrear meu pedido,pergunta
Quais são as formas de pagamento,pergunta
Quanto tempo leva para a entrega,pergunta
Preciso fazer agendamento prévio,pergunta
É possível alterar minha senha,pergunta
Preciso fazer agendamento prévio,pergunta
Preciso fazer agendamento prévio,pergunta
Onde encontro o número do meu pedido,pergunta
Onde encontro o número do meu pedido,pergunta
Posso compartilhar minha conta,pergunta
Quais são as formas de pagamento,pergunta
Qual o horário de atendimento,pergunta
O que eu preciso fazer para me registrar,pergunta
Como faço para alterar meu nome,pergunta
Posso parcelar minha compra,pergunta
Preciso fazer agendamento prévio,pergunta
Há taxa adicional para entrega rápida,pergunta
Quantos itens estão no estoque,pergunta
Quando o evento começa,pergunta
Posso ver detalhes de uma fatura,pergunta
O produto é original,pergunta
Vocês enviam para outros países,pergunta
Como posso acessar meu perfil,pergunta
Como posso atualizar meu endereço,pergunta
Exclua o histórico,comando
Esconda o painel de controle,comando
Remova o item do carrinho,comando
Execute a análise de dados,comando
Baixe o relatório de desempenho,comando
Acesse o menu principal,comando
Ative as permissões,comando
Pague a fatura,comando
Inicie o processo de login,comando
Adicione o item ao carrinho,comando
Esconda o painel de controle,comando
Calcule o valor total,comando
Acesse o menu principal,comando
Aumente o brilho da tela,comando
Liste todos os pedidos pendentes,comando
Baixe o relatório de desempenho,comando
Ative as permissões,comando
Reinicie o dispositivo,comando
Ajuste o volume para 50%,comando
Calcule o valor total,comando
Envie uma mensagem para o suporte,comando
Gere um relatório de vendas,comando
Faça logout,comando
Calcule o valor total,comando
Remova o item do carrinho,comando
Aplique o cupom de desconto,comando
Inicie o backup,comando
Carregue os dados do cliente,comando
Desligue o alarme,comando
Refaça o cálculo de preço,comando
Mostre as configurações de privacidade,comando
Aplique o cupom de desconto,comando
Mostre as configurações de privacidade,comando
Envie uma mensagem para o suporte,comando
Ative as permissões,comando
Calcule o valor total,comando
Faça logout,comando
Exclua o histórico,comando
Remova a permissão do usuário,comando
Refaça o cálculo de preço,comando
Acesse o menu principal,comando
Remova a permissão do usuário,comando
Adicione um novo contato,comando
Envie uma notificação,comando
Altere o status para entregue,comando
Ajuste o volume para 50%,comando
Envie a fatura por email,comando
Mostre as configurações de privacidade,comando
Aumente o brilho da tela,comando
Execute a análise de dados,comando
Sincronize os dados agora,comando
Sincronize os dados agora,comando
Limpe o cache,comando
Remova o item do carrinho,comando
Adicione uma nova conta,comando
Atualize o status do pedido,comando
Restaure a configuração original,comando
Refaça o cálculo de preço,comando
Remova todos os registros,comando
Desligue o alarme,comando
Exclua o histórico,comando
Adicione uma nova conta,comando
Remova a permissão do usuário,comando
Inicie o backup,comando
Desbloqueie o usuário,comando
Desative a opção de lembrete,comando
Adicione um novo contato,comando
Adicione uma nova conta,comando
Baixe o relatório de desempenho,comando
Envie uma mensagem para o suporte,comando
Baixe o relatório de desempenho,comando
Adicione uma nova conta,comando
Liste todos os pedidos pendentes,comando
Mostre as configurações de privacidade,comando
Mostre as configurações de privacidade,comando
Altere o idioma para português,comando
Envie uma notificação,comando
Recupere os arquivos,comando
Acesse meu perfil,comando
Gere um relatório de vendas,comando
Atualize o status do pedido,comando
Remova todos os registros,comando
Exclua o histórico,comando
Remova o item do carrinho,comando
Aplique o cupom de desconto,comando
Atualize o status do pedido,comando
Aplique as configurações,comando
Ative as permissões,comando
Desbloqueie o usuário,comando
Adicione um novo contato,comando
Aplique o cupom de desconto,comando
Desligue o alarme,comando
Gere um relatório de vendas,comando
Ative o modo escuro,comando
Calcule o valor total,comando
Adicione o item ao carrinho,comando
Desbloqueie o usuário,comando
Descongele a tela,comando
Descongele a tela,comando
Calcule o valor total,comando
Descongele a tela,comando
Desative as notificações,comando
Aumente o brilho da tela,comando
Acesse meu perfil,comando
Restaure a configuração original,comando
Aplique o cupom de desconto,comando
Desative a opção de lembrete,comando
Recupere os arquivos,comando
Restaure a configuração original,comando
Acesse o menu principal,comando
Restaure a configuração original,comando
Desative as notificações,comando
Pausar a música,comando
Carregue os dados do cliente,comando
Feche o pedido atual,comando
Pague a fatura,comando
Sincronize os dados agora,comando
Faça logout,comando
Liste todos os pedidos pendentes,comando
Altere o idioma para português,comando
Altere o endereço de entrega,comando
Envie a fatura por email,comando
Desbloqueie o usuário,comando
Ajuste o volume para 50%,comando
Ajuste o volume para 50%,comando
Adicione uma nova conta,comando
Liste todos os pedidos pendentes,comando
Altere o endereço de entrega,comando
Feche o pedido atual,comando
Altere o status para entregue,comando
Restaure a configuração original,comando
Execute a análise de dados,comando
Desligue o alarme,comando
Salve o progresso,comando
Aumente o brilho da tela,comando
Limpe o cache,comando
Pausar a música,comando
Desbloqueie o usuário,comando
Refaça o cálculo de preço,comando
Remova todos os registros,comando
Sincronize os dados agora,comando
Desligue o alarme,comando
Desbloqueie o usuário,comando
Ative as permissões,comando
Liste todos os pedidos pendentes,comando
Esconda o painel de controle,comando
Salve o progresso,comando
Envie uma notificação,comando
Reinicie o dispositivo,comando
Envie uma notificação,comando
Atualize o status do pedido,comando
Esconda o painel de controle,comando
Sincronize os dados agora,comando
Gere um relatório de vendas,comando
Remova todos os registros,comando
Atualize o status do pedido,comando
Altere o status para entregue,comando
Desligue o alarme,comando
Recupere os arquivos,comando
Liste todos os pedidos pendentes,comando
Aplique o cupom de desconto,comando
Salve o progresso,comando
Adicione um novo contato,comando
Desmarque todas as opções,comando
Aplique as configurações,comando
Remova a permissão do usuário,comando
Calcule o valor total,comando
Aplique o cupom de desconto,comando
Altere o status para entregue,comando
Carregue os dados do cliente,comando
Adicione um novo contato,comando
Calcule o valor total,comando
Faça logout,comando
Aplique o cupom de desconto,comando
Desligue o alarme,comando
Gere um relatório de vendas,comando
Acesse o menu principal,comando
Inicie o backup,comando
Baixe o relatório de desempenho,comando
Execute a análise de dados,comando
Limpe o cache,comando
Aplique o cupom de desconto,comando
Desbloqueie o usuário,comando
Aumente o brilho da tela,comando
Mostre as configurações de privacidade,comando
Calcule o valor total,comando
Envie uma mensagem para o suporte,comando
Execute a análise de dados,comando
Acesse meu perfil,comando
Remova todos os registros,comando
Desative as notificações,comando
Exclua o histórico,comando
Limpe o cache,comando
Liste todos os pedidos pendentes,comando
Reinicie o dispositivo,comando
Adicione um novo contato,comando
Altere o endereço de entrega,comando
Envie uma mensagem para o suporte,comando
Envie a fatura por email,comando
Remova todos os registros,comando
O que é inteligência artificial,pergunta
Qual é a capital do Brasil,pergunta
Quem descobriu o Brasil,pergunta
Por que o céu é azul,pergunta
Como funciona a energia solar,pergunta
Quando será a próxima reunião,pergunta
Onde posso encontrar informações sobre o projeto,pergunta
Quantas pessoas participaram do evento,pergunta
Será que vai chover hoje,pergunta
Posso cancelar minha inscrição,pergunta
Quanto custa o produto,pergunta
Quem é responsável pelo atendimento,pergunta
É possível devolver o item comprado,pergunta
Como posso melhorar minha produtividade,pergunta
Por que estudar programação,pergunta
Quando será lançado o novo produto,pergunta
Onde fica o escritório principal,pergunta
Quantas opções estão disponíveis,pergunta
É seguro compartilhar meus dados,pergunta
Como posso acessar minha conta,pergunta
O que é inteligência artificial,pergunta
Qual é a capital do Brasil,pergunta
Quem descobriu o Brasil,pergunta
Por que o céu é azul,pergunta
Como funciona a energia solar,pergunta
Quando será a próxima reunião,pergunta
Onde posso encontrar informações sobre o projeto,pergunta
Quantas pessoas participaram do evento,pergunta
Será que vai chover hoje,pergunta
Posso cancelar minha inscrição,pergunta
Quanto custa o produto,pergunta
Quem é responsável pelo atendimento,pergunta
É possível devolver o item comprado,pergunta
Como posso melhorar minha produtividade,pergunta
Por que estudar programação,pergunta
Quando será lançado o novo produto,pergunta
Onde fica o escritório principal,pergunta
Quantas opções estão disponíveis,pergunta
É seguro compartilhar meus dados,pergunta
Como posso acessar minha conta,pergunta
O que é inteligência artificial,pergunta
Qual é a capital do Brasil,pergunta
Quem descobriu o Brasil,pergunta
Por que o céu é azul,pergunta
Como funciona a energia solar,pergunta
Quando será a próxima reunião,pergunta
Onde posso encontrar informações sobre o projeto,pergunta
Quantas pessoas participaram do evento,pergunta
Será que vai chover hoje,pergunta
Posso cancelar minha inscrição,pergunta
Quanto custa o produto,pergunta
Quem é responsável pelo atendimento,pergunta
É possível devolver o item comprado,pergunta
Como posso melhorar minha produtividade,pergunta
Por que estudar programação,pergunta
Quando será lançado o novo produto,pergunta
Onde fica o escritório principal,pergunta
Quantas opções estão disponíveis,pergunta
É seguro compartilhar meus dados,pergunta
Como posso acessar minha conta,pergunta
O que é inteligência artificial,pergunta
Qual é a capital do Brasil,pergunta
Quem descobriu o Brasil,pergunta
Por que o céu é azul,pergunta
Como funciona a energia solar,pergunta
Quando será a próxima reunião,pergunta
Onde posso encontrar informações sobre o projeto,pergunta
Quantas pessoas participaram do evento,pergunta
Será que vai chover hoje,pergunta
Posso cancelar minha inscrição,pergunta
Quanto custa o produto,pergunta
Quem é responsável pelo atendimento,pergunta
É possível devolver o item comprado,pergunta
Como posso melhorar minha produtividade,pergunta
Por que estudar programação,pergunta
Quando será lançado o novo produto,pergunta
Onde fica o escritório principal,pergunta
Quantas opções estão disponíveis,pergunta
É seguro compartilhar meus dados,pergunta
Como posso acessar minha conta,pergunta
O que é inteligência artificial,pergunta
Qual é a capital do Brasil,pergunta
Quem descobriu o Brasil,pergunta
Por que o céu é azul,pergunta
Como funciona a energia solar,pergunta
Quando será a próxima reunião,pergunta
Onde posso encontrar informações sobre o projeto,pergunta
Quantas pessoas participaram do evento,pergunta
Será que vai chover hoje,pergunta
Posso cancelar minha inscrição,pergunta
Quanto custa o produto,pergunta
Quem é responsável pelo atendimento,pergunta
É possível devolver o item comprado,pergunta
Como posso melhorar minha produtividade,pergunta
Por que estudar programação,pergunta
Quando será lançado o novo produto,pergunta
Onde fica o escritório principal,pergunta
Quantas opções estão disponíveis,pergunta
É seguro compartilhar meus dados,pergunta
Como posso acessar minha conta,pergunta
O que é inteligência artificial,pergunta
Qual é a capital do Brasil,pergunta
Quem descobriu o Brasil,pergunta
Por que o céu é azul,pergunta
Como funciona a energia solar,pergunta
Quando será a próxima reunião,pergunta
Onde posso encontrar informações sobre o projeto,pergunta
Quantas pessoas participaram do evento,pergunta
Será que vai chover hoje,pergunta
Posso cancelar minha inscrição,pergunta
Quanto custa o produto,pergunta
Quem é responsável pelo atendimento,pergunta
É possível devolver o item comprado,pergunta
Como posso melhorar minha produtividade,pergunta
Por que estudar programação,pergunta
Quando será lançado o novo produto,pergunta
Onde fica o escritório principal,pergunta
Quantas opções estão disponíveis,pergunta
É seguro compartilhar meus dados,pergunta
Como posso acessar minha conta,pergunta
O que é inteligência artificial,pergunta
Qual é a capital do Brasil,pergunta
Quem descobriu o Brasil,pergunta
Por que o céu é azul,pergunta
Como funciona a energia solar,pergunta
Quando será a próxima reunião,pergunta
Onde posso encontrar informações sobre o projeto,pergunta
Quantas pessoas participaram do evento,pergunta
Será que vai chover hoje,pergunta
Posso cancelar minha inscrição,pergunta
Quanto custa o produto,pergunta
Quem é responsável pelo atendimento,pergunta
É possível devolver o item comprado,pergunta
Como posso melhorar minha produtividade,pergunta
Por que estudar programação,pergunta
Quando será lançado o novo produto,pergunta
Onde fica o escritório principal,pergunta
Quantas opções estão disponíveis,pergunta
É seguro compartilhar meus dados,pergunta
Como posso acessar minha conta,pergunta
O que é inteligência artificial,pergunta
Qual é a capital do Brasil,pergunta
Quem descobriu o Brasil,pergunta
Por que o céu é azul,pergunta
Como funciona a energia solar,pergunta
Quando será a próxima reunião,pergunta
Onde posso encontrar informações sobre o projeto,pergunta
Quantas pessoas participaram do evento,pergunta
Será que vai chover hoje,pergunta
Posso cancelar minha inscrição,pergunta
Quanto custa o produto,pergunta
Quem é responsável pelo atendimento,pergunta
É possível devolver o item comprado,pergunta
Como posso melhorar minha produtividade,pergunta
Por que estudar programação,pergunta
Quando será lançado o novo produto,pergunta
Onde fica o escritório principal,pergunta
Quantas opções estão disponíveis,pergunta
É seguro compartilhar meus dados,pergunta
Como posso acessar minha conta,pergunta
O que é inteligência artificial,pergunta
Qual é a capital do Brasil,pergunta
Quem descobriu o Brasil,pergunta
Por que o céu é azul,pergunta
o que é um analista de sistema,pergunta
Como funciona a energia solar,pergunta
Quando será a próxima reunião,pergunta
Onde posso encontrar informações sobre o projeto,pergunta
Quantas pessoas participaram do evento,pergunta
Será que vai chover hoje,pergunta
Posso cancelar minha inscrição,pergunta
Quanto custa o produto,pergunta
Quem é responsável pelo atendimento,pergunta
É possível devolver o item comprado,pergunta
Como posso melhorar minha produtividade,pergunta
Por que estudar programação,pergunta
Quando será lançado o novo produto,pergunta
Onde fica o escritório principal,pergunta
Quantas opções estão disponíveis,pergunta
É seguro compartilhar meus dados,pergunta
Como posso acessar minha conta,pergunta
O que é inteligência artificial,pergunta
Qual é a capital do Brasil,pergunta
Quem descobriu o Brasil,pergunta
Por que o céu é azul,pergunta
Como funciona a energia solar,pergunta
Quando será a próxima reunião,pergunta
Onde posso encontrar informações sobre o projeto,pergunta
Quantas pessoas participaram do evento,pergunta
Será que vai chover hoje,pergunta
Posso cancelar minha inscrição,pergunta
Quanto custa o produto,pergunta
Quem é responsável pelo atendimento,pergunta
É possível devolver o item comprado,pergunta
Como posso melhorar minha produtividade,pergunta
Por que estudar programação,pergunta
Quando será lançado o novo produto,pergunta
Onde fica o escritório principal,pergunta
Quantas opções estão disponíveis,pergunta
É seguro compartilhar meus dados,pergunta
Como posso acessar minha conta,pergunta
Atualize o sistema agora.,comando
Envie o relatório para o cliente.,comando
Adicione mais um item ao carrinho.,comando
Remova os arquivos desnecessários.,comando
Configure o alarme para 7h.,comando
Reinicie o computador imediatamente.,comando
Bloqueie o acesso de usuários não autorizados.,comando
Inicie o backup do servidor.,comando
Desligue a luz do escritório.,comando
Crie uma nova pasta para os documentos.,comando
Marque a reunião para amanhã.,comando
Apague os emails antigos.,comando
Corrija o erro no código.,comando
Execute a consulta SQL novamente.,comando
Instale a última versão do software.,comando
Habilite o modo escuro no aplicativo.,comando
Mova os arquivos para a pasta de backup.,comando
Ative o modo silencioso no telefone.,comando
Compre mais café para o escritório.,comando
Teste a funcionalidade recém-implementada.,comando
Atualize o sistema agora.,comando
Envie o relatório para o cliente.,comando
Adicione mais um item ao carrinho.,comando
Remova os arquivos desnecessários.,comando
Configure o alarme para 7h.,comando
Reinicie o computador imediatamente.,comando
Bloqueie o acesso de usuários não autorizados.,comando
Inicie o backup do servidor.,comando
Desligue a luz do escritório.,comando
Crie uma nova pasta para os documentos.,comando
Marque a reunião para amanhã.,comando
Apague os emails antigos.,comando
Corrija o erro no código.,comando
Execute a consulta SQL novamente.,comando
Instale a última versão do software.,comando
Habilite o modo escuro no aplicativo.,comando
Mova os arquivos para a pasta de backup.,comando
Ative o modo silencioso no telefone.,comando
Compre mais café para o escritório.,comando
Teste a funcionalidade recém-implementada.,comando
Atualize o sistema agora.,comando
Envie o relatório para o cliente.,comando
Adicione mais um item ao carrinho.,comando
Remova os arquivos desnecessários.,comando
Configure o alarme para 7h.,comando
Reinicie o computador imediatamente.,comando
Bloqueie o acesso de usuários não autorizados.,comando
Inicie o backup do servidor.,comando
Desligue a luz do escritório.,comando
Crie uma nova pasta para os documentos.,comando
Marque a reunião para amanhã.,comando
Apague os emails antigos.,comando
Corrija o erro no código.,comando
Execute a consulta SQL novamente.,comando
Instale a última versão do software.,comando
Habilite o modo escuro no aplicativo.,comando
Mova os arquivos para a pasta de backup.,comando
Ative o modo silencioso no telefone.,comando
Compre mais café para o escritório.,comando
Teste a funcionalidade recém-implementada.,comando
Atualize o sistema agora.,comando
Envie o relatório para o cliente.,comando
Adicione mais um item ao carrinho.,comando
Remova os arquivos desnecessários.,comando
Configure o alarme para 7h.,comando
Reinicie o computador imediatamente.,comando
Bloqueie o acesso de usuários não autorizados.,comando
Inicie o backup do servidor.,comando
Desligue a luz do escritório.,comando
Crie uma nova pasta para os documentos.,comando
Marque a reunião para amanhã.,comando
Apague os emails antigos.,comando
Corrija o erro no código.,comando
Execute a consulta SQL novamente.,comando
Instale a última versão do software.,comando
Habilite o modo escuro no aplicativo.,comando
Mova os arquivos para a pasta de backup.,comando
Ative o modo silencioso no telefone.,comando
Compre mais café para o escritório.,comando
Teste a funcionalidade recém-implementada.,comando
Atualize o sistema agora.,comando
Envie o relatório para o cliente.,comando
Adicione mais um item ao carrinho.,comando
Remova os arquivos desnecessários.,comando
Configure o alarme para 7h.,comando
Reinicie o computador imediatamente.,comando
Bloqueie o acesso de usuários não autorizados.,comando
Inicie o backup do servidor.,comando
Desligue a luz do escritório.,comando
Crie uma nova pasta para os documentos.,comando
Marque a reunião para amanhã.,comando
Apague os emails antigos.,comando
Corrija o erro no código.,comando
Execute a consulta SQL novamente.,comando
Instale a última versão do software.,comando
Habilite o modo escuro no aplicativo.,comando
Mova os arquivos para a pasta de backup.,comando
Ative o modo silencioso no telefone.,comando
Compre mais café para o escritório.,comando
Teste a funcionalidade recém-implementada.,comando
Atualize o sistema agora.,comando
Envie o relatório para o cliente.,comando
Adicione mais um item ao carrinho.,comando
Remova os arquivos desnecessários.,comando
Configure o alarme para 7h.,comando
Reinicie o computador imediatamente.,comando
Bloqueie o acesso de usuários não autorizados.,comando
Inicie o backup do servidor.,comando
Desligue a luz do escritório.,comando
Crie uma nova pasta para os documentos.,comando
Marque a reunião para amanhã.,comando
Apague os emails antigos.,comando
Corrija o erro no código.,comando
Execute a consulta SQL novamente.,comando
Instale a última versão do software.,comando
Habilite o modo escuro no aplicativo.,comando
Mova os arquivos para a pasta de backup.,comando
Ative o modo silencioso no telefone.,comando
Compre mais café para o escritório.,comando
Teste a funcionalidade recém-implementada.,comando
Atualize o sistema agora.,comando
Envie o relatório para o cliente.,comando
Adicione mais um item ao carrinho.,comando
Remova os arquivos desnecessários.,comando
Configure o alarme para 7h.,comando
Reinicie o computador imediatamente.,comando
Bloqueie o acesso de usuários não autorizados.,comando
Inicie o backup do servidor.,comando
Desligue a luz do escritório.,comando
Crie uma nova pasta para os documentos.,comando
Marque a reunião para amanhã.,comando
Apague os emails antigos.,comando
Corrija o erro no código.,comando
Execute a consulta SQL novamente.,comando
Instale a última versão do software.,comando
Habilite o modo escuro no aplicativo.,comando
Mova os arquivos para a pasta de backup.,comando
Ative o modo silencioso no telefone.,comando
Compre mais café para o escritório.,comando
Teste a funcionalidade recém-implementada.,comando
Atualize o sistema agora.,comando
Envie o relatório para o cliente.,comando
Adicione mais um item ao carrinho.,comando
Remova os arquivos desnecessários.,comando
Configure o alarme para 7h.,comando
Reinicie o computador imediatamente.,comando
Bloqueie o acesso de usuários não autorizados.,comando
Inicie o backup do servidor.,comando
Desligue a luz do escritório.,comando
Crie uma nova pasta para os documentos.,comando
Marque a reunião para amanhã.,comando
Apague os emails antigos.,comando
Corrija o erro no código.,comando
Execute a consulta SQL novamente.,comando
Instale a última versão do software.,comando
Habilite o modo escuro no aplicativo.,comando
Mova os arquivos para a pasta de backup.,comando
Ative o modo silencioso no telefone.,comando
Compre mais café para o escritório.,comando
Teste a funcionalidade recém-implementada.,comando
Atualize o sistema agora.,comando
Envie o relatório para o cliente.,comando
Adicione mais um item ao carrinho.,comando
Remova os arquivos desnecessários.,comando
Configure o alarme para 7h.,comando
Reinicie o computador imediatamente.,comando
Bloqueie o acesso de usuários não autorizados.,comando
Inicie o backup do servidor.,comando
Desligue a luz do escritório.,comando
Crie uma nova pasta para os documentos.,comando
Marque a reunião para amanhã.,comando
Apague os emails antigos.,comando
Corrija o erro no código.,comando
Execute a consulta SQL novamente.,comando
Instale a última versão do software.,comando
Habilite o modo escuro no aplicativo.,comando
Mova os arquivos para a pasta de backup.,comando
Ative o modo silencioso no telefone.,comando
Compre mais café para o escritório.,comando
Teste a funcionalidade recém-implementada.,comando
Atualize o sistema agora.,comando
Envie o relatório para o cliente.,comando
Adicione mais um item ao carrinho.,comando
Remova os arquivos desnecessários.,comando
Configure o alarme para 7h.,comando
Reinicie o computador imediatamente.,comando
Bloqueie o acesso de usuários não autorizados.,comando
Inicie o backup do servidor.,comando
Desligue a luz do escritório.,comando
Crie uma nova pasta para os documentos.,comando
Marque a reunião para amanhã.,comando
Apague os emails antigos.,comando
Corrija o erro no código.,comando
Execute a consulta SQL novamente.,comando
Instale a última versão do software.,comando
Habilite o modo escuro no aplicativo.,comando
Mova os arquivos para a pasta de backup.,comando
Ative o modo silencioso no telefone.,comando
Compre mais café para o escritório.,comando
Teste a funcionalidade recém-implementada.,comando
